Freq.,S(f)in,S(f)re
0.00000,0.00000,0.00000
0.00244,0.00000,0.00000
0.00488,0.00000,0.00000
0.00732,0.00000,0.00000
0.00977,0.00000,0.00000
0.01221,0.00000,0.00000
0.01465,0.00000,0.00000
0.01709,0.00000,0.00000
0.01953,0.00000,0.00000
0.02197,0.00000,0.00000
0.02441,0.00000,0.00000
0.02686,0.00000,0.00000
0.02930,0.00000,0.00000
0.03174,0.00000,0.00000
0.03418,0.00000,0.00000
0.03662,0.00000,0.00000
0.03906,0.00000,0.00000
0.04150,0.00000,0.00000
0.04395,0.00000,0.00000
0.04639,0.00000,0.00000
0.04883,0.00000,0.00000
0.05127,0.00000,0.00000
0.05371,0.00000,0.00000
0.05615,0.00000,0.00000
0.05859,0.00000,0.00000
0.06104,0.00000,0.00000
0.06348,0.00000,0.00000
0.06592,0.00000,0.00000
0.06836,0.00000,0.00000
0.07080,0.00000,0.00000
0.07324,0.00000,0.00000
0.07568,0.00000,0.00000
0.07812,0.00000,0.00000
0.08057,0.00000,0.00000
0.08301,0.00000,0.00000
0.08545,0.00000,0.00000
0.08789,0.00000,0.00000
0.09033,0.00000,0.00000
0.09277,0.00000,0.00000
0.09521,0.00000,0.00000
0.09766,0.00000,0.00000
0.10010,0.00000,0.00000
0.10254,0.00000,0.00000
0.10498,0.00000,0.00000
0.10742,0.00000,0.00000
0.10986,0.00000,0.00000
0.11230,0.00000,0.00000
0.11475,0.00000,0.00000
0.11719,0.00000,0.00000
0.11963,0.00000,0.00000
0.12207,0.00000,0.00000
0.12451,0.00000,0.00000
0.12695,0.00000,0.00000
0.12939,0.00000,0.00000
0.13184,0.00000,0.00000
0.13428,0.00000,0.00000
0.13672,0.00000,0.00000
0.13916,0.00000,0.00000
0.14160,0.00000,0.00000
0.14404,0.00000,0.00000
0.14648,0.00000,0.00000
0.14893,0.00000,0.00000
0.15137,0.00000,0.00000
0.15381,0.00000,0.00000
0.15625,0.00000,0.00000
0.15869,0.00000,0.00000
0.16113,0.00000,0.00000
0.16357,0.00000,0.00000
0.16602,0.00000,0.00000
0.16846,0.00000,0.00000
0.17090,0.00000,0.00000
0.17334,0.00000,0.00000
0.17578,0.00000,0.00000
0.17822,0.00000,0.00000
0.18066,0.00000,0.00000
0.18311,0.00000,0.00000
0.18555,0.00000,0.00000
0.18799,0.00000,0.00000
0.19043,0.00000,0.00000
0.19287,0.00000,0.00000
0.19531,0.00000,0.00000
0.19775,0.00000,0.00000
0.20020,0.00000,0.00000
0.20264,0.00000,0.00000
0.20508,0.00000,0.00000
0.20752,0.00000,0.00000
0.20996,0.00000,0.00000
0.21240,0.00000,0.00000
0.21484,0.00000,0.00000
0.21729,0.00000,0.00000
0.21973,0.00000,0.00000
0.22217,0.00000,0.00000
0.22461,0.00000,0.00000
0.22705,0.00000,0.00000
0.22949,0.00000,0.00000
0.23193,0.00000,0.00000
0.23438,0.00000,0.00000
0.23682,0.00000,0.00000
0.23926,0.00000,0.00000
0.24170,0.00000,0.00000
0.24414,0.00000,0.00000
0.24658,0.00000,0.00000
0.24902,0.00000,0.00000
0.25146,0.00000,0.00000
0.25391,0.00000,0.00000
0.25635,0.00000,0.00000
0.25879,0.00000,0.00000
0.26123,0.00000,0.00000
0.26367,0.00000,0.00000
0.26611,0.00000,0.00000
0.26855,0.00000,0.00000
0.27100,0.00000,0.00000
0.27344,0.00000,0.00000
0.27588,0.00000,0.00000
0.27832,0.00000,0.00000
0.28076,0.00000,0.00000
0.28320,0.00000,0.00000
0.28564,0.00000,0.00000
0.28809,0.00000,0.00000
0.29053,0.00000,0.00000
0.29297,0.00000,0.00000
0.29541,0.00000,0.00000
0.29785,0.00000,0.00000
0.30029,0.00000,0.00000
0.30273,0.00000,0.00000
0.30518,0.00000,0.00000
0.30762,0.00000,0.00000
0.31006,0.00000,0.00000
0.31250,0.00000,0.00000
0.31494,0.00000,0.00000
0.31738,0.00000,0.00000
0.31982,0.00000,0.00000
0.32227,0.00000,0.00000
0.32471,0.00000,0.00000
0.32715,0.00000,0.00000
0.32959,0.00000,0.00000
0.33203,0.00000,0.00000
0.33447,0.00000,0.00000
0.33691,0.00000,0.00000
0.33936,0.00000,0.00000
0.34180,0.00000,0.00000
0.34424,0.00000,0.00000
0.34668,0.00000,0.00000
0.34912,0.00000,0.00000
0.35156,0.00000,0.00000
0.35400,0.00000,0.00000
0.35645,0.00000,0.00000
0.35889,0.00000,0.00000
0.36133,0.00000,0.00000
0.36377,0.00000,0.00000
0.36621,0.00000,0.00000
0.36865,0.00000,0.00000
0.37109,0.00000,0.00000
0.37354,0.00000,0.00000
0.37598,0.00000,0.00000
0.37842,0.00000,0.00000
0.38086,0.00000,0.00000
0.38330,0.00000,0.00000
0.38574,0.00000,0.00000
0.38818,0.00000,0.00000
0.39062,0.00000,0.00000
0.39307,0.00000,0.00000
0.39551,0.00000,0.00000
0.39795,0.00000,0.00000
0.40039,0.00000,0.00000
0.40283,0.00000,0.00000
0.40527,0.00000,0.00000
0.40771,0.00001,0.00001
0.41016,0.00001,0.00001
0.41260,0.00001,0.00001
0.41504,0.00002,0.00002
0.41748,0.00003,0.00002
0.41992,0.00004,0.00003
0.42236,0.00006,0.00005
0.42480,0.00008,0.00007
0.42725,0.00011,0.00009
0.42969,0.00016,0.00013
0.43213,0.00021,0.00017
0.43457,0.00029,0.00023
0.43701,0.00039,0.00032
0.43945,0.00052,0.00042
0.44189,0.00069,0.00056
0.44434,0.00092,0.00074
0.44678,0.00120,0.00098
0.44922,0.00157,0.00127
0.45166,0.00204,0.00165
0.45410,0.00262,0.00212
0.45654,0.00336,0.00271
0.45898,0.00427,0.00345
0.46143,0.00540,0.00435
0.46387,0.00679,0.00547
0.46631,0.00847,0.00682
0.46875,0.01051,0.00845
0.47119,0.01297,0.01042
0.47363,0.01589,0.01276
0.47607,0.01936,0.01553
0.47852,0.02345,0.01880
0.48096,0.02823,0.02261
0.48340,0.03379,0.02704
0.48584,0.04021,0.03214
0.48828,0.04756,0.03800
0.49072,0.05595,0.04466
0.49316,0.06543,0.05219
0.49561,0.07610,0.06066
0.49805,0.08803,0.07011
0.50049,0.10127,0.08060
0.50293,0.11589,0.09216
0.50537,0.13192,0.10484
0.50781,0.14940,0.11865
0.51025,0.16835,0.13361
0.51270,0.18877,0.14972
0.51514,0.21066,0.16696
0.51758,0.23398,0.18533
0.52002,0.25871,0.20478
0.52246,0.28480,0.22529
0.52490,0.31219,0.24679
0.52734,0.34080,0.26923
0.52979,0.37058,0.29254
0.53223,0.40144,0.31666
0.53467,0.43329,0.34151
0.53711,0.46607,0.36703
0.53955,0.49967,0.39312
0.54199,0.53404,0.41972
0.54443,0.56910,0.44675
0.54688,0.60478,0.47415
0.54932,0.64102,0.50184
0.55176,0.67777,0.52976
0.55420,0.71498,0.55785
0.55664,0.75260,0.58605
0.55908,0.79060,0.61432
0.56152,0.82893,0.64260
0.56396,0.86756,0.67084
0.56641,0.90646,0.69901
0.56885,0.94558,0.72707
0.57129,0.98488,0.75499
0.57373,1.02431,0.78274
0.57617,1.06383,0.81031
0.57861,1.10339,0.83767
0.58105,1.14292,0.86484
0.58350,1.18238,0.89180
0.58594,1.22171,0.91858
0.58838,1.26085,0.94520
0.59082,1.29977,0.97170
0.59326,1.33842,0.99813
0.59570,1.37677,1.02455
0.59814,1.41482,1.05102
0.60059,1.45255,1.07762
0.60303,1.48999,1.10443
0.60547,1.52716,1.13153
0.60791,1.56412,1.15900
0.61035,1.60091,1.18691
0.61279,1.63761,1.21532
0.61523,1.67430,1.24427
0.61768,1.71107,1.27380
0.62012,1.74800,1.30390
0.62256,1.78516,1.33455
0.62500,1.82263,1.36570
0.62744,1.86045,1.39725
0.62988,1.89865,1.42909
0.63232,1.93724,1.46108
0.63477,1.97617,1.49301
0.63721,2.01539,1.52470
0.63965,2.05480,1.55591
0.64209,2.09425,1.58638
0.64453,2.13358,1.61586
0.64697,2.17258,1.64408
0.64941,2.21101,1.67079
0.65186,2.24862,1.69572
0.65430,2.28514,1.71864
0.65674,2.32029,1.73935
0.65918,2.35380,1.75767
0.66162,2.38539,1.77347
0.66406,2.41483,1.78664
0.66650,2.44189,1.79715
0.66895,2.46641,1.80499
0.67139,2.48826,1.81022
0.67383,2.50734,1.81293
0.67627,2.52364,1.81329
0.67871,2.53718,1.81147
0.68115,2.54805,1.80771
0.68359,2.55638,1.80227
0.68604,2.56236,1.79544
0.68848,2.56622,1.78751
0.69092,2.56821,1.77879
0.69336,2.56864,1.76959
0.69580,2.56780,1.76022
0.69824,2.56599,1.75095
0.70068,2.56353,1.74204
0.70312,2.56071,1.73371
0.70557,2.55777,1.72616
0.70801,2.55496,1.71954
0.71045,2.55246,1.71396
0.71289,2.55043,1.70947
0.71533,2.54894,1.70610
0.71777,2.54806,1.70383
0.72021,2.54779,1.70260
0.72266,2.54807,1.70233
0.72510,2.54882,1.70289
0.72754,2.54992,1.70414
0.72998,2.55122,1.70592
0.73242,2.55254,1.70808
0.73486,2.55369,1.71045
0.73730,2.55450,1.71285
0.73975,2.55476,1.71515
0.74219,2.55432,1.71720
0.74463,2.55300,1.71889
0.74707,2.55069,1.72012
0.74951,2.54727,1.72082
0.75195,2.54268,1.72093
0.75439,2.53687,1.72044
0.75684,2.52984,1.71933
0.75928,2.52162,1.71761
0.76172,2.51224,1.71532
0.76416,2.50179,1.71249
0.76660,2.49036,1.70917
0.76904,2.47807,1.70541
0.77148,2.46503,1.70125
0.77393,2.45136,1.69674
0.77637,2.43718,1.69191
0.77881,2.42261,1.68680
0.78125,2.40774,1.68142
0.78369,2.39269,1.67578
0.78613,2.37751,1.66989
0.78857,2.36228,1.66373
0.79102,2.34705,1.65730
0.79346,2.33187,1.65059
0.79590,2.31675,1.64357
0.79834,2.30172,1.63625
0.80078,2.28679,1.62860
0.80322,2.27199,1.62063
0.80566,2.25732,1.61235
0.80811,2.24279,1.60376
0.81055,2.22842,1.59491
0.81299,2.21423,1.58581
0.81543,2.20023,1.57650
0.81787,2.18645,1.56704
0.82031,2.17291,1.55747
0.82275,2.15961,1.54782
0.82520,2.14657,1.53815
0.82764,2.13380,1.52849
0.83008,2.12127,1.51887
0.83252,2.10898,1.50932
0.83496,2.09688,1.49984
0.83740,2.08494,1.49043
0.83984,2.07308,1.48108
0.84229,2.06124,1.47178
0.84473,2.04934,1.46250
0.84717,2.03728,1.45322
0.84961,2.02499,1.44389
0.85205,2.01238,1.43449
0.85449,1.99936,1.42500
0.85693,1.98586,1.41539
0.85938,1.97184,1.40565
0.86182,1.95725,1.39577
0.86426,1.94209,1.38576
0.86670,1.92634,1.37564
0.86914,1.91004,1.36543
0.87158,1.89324,1.35516
0.87402,1.87600,1.34488
0.87646,1.85840,1.33461
0.87891,1.84054,1.32439
0.88135,1.82252,1.31427
0.88379,1.80445,1.30427
0.88623,1.78644,1.29440
0.88867,1.76860,1.28466
0.89111,1.75100,1.27506
0.89355,1.73375,1.26556
0.89600,1.71691,1.25612
0.89844,1.70054,1.24670
0.90088,1.68467,1.23722
0.90332,1.66932,1.22763
0.90576,1.65451,1.21783
0.90820,1.64022,1.20776
0.91064,1.62645,1.19734
0.91309,1.61317,1.18651
0.91553,1.60035,1.17521
0.91797,1.58796,1.16342
0.92041,1.57596,1.15110
0.92285,1.56434,1.13828
0.92529,1.55306,1.12497
0.92773,1.54210,1.11122
0.93018,1.53145,1.09711
0.93262,1.52109,1.08272
0.93506,1.51101,1.06815
0.93750,1.50121,1.05353
0.93994,1.49168,1.03898
0.94238,1.48240,1.02462
0.94482,1.47337,1.01058
0.94727,1.46457,0.99697
0.94971,1.45597,0.98389
0.95215,1.44754,0.97144
0.95459,1.43925,0.95968
0.95703,1.43104,0.94866
0.95947,1.42287,0.93840
0.96191,1.41468,0.92892
0.96436,1.40642,0.92018
0.96680,1.39802,0.91217
0.96924,1.38944,0.90481
0.97168,1.38063,0.89805
0.97412,1.37154,0.89181
0.97656,1.36213,0.88600
0.97900,1.35239,0.88053
0.98145,1.34231,0.87533
0.98389,1.33188,0.87030
0.98633,1.32111,0.86537
0.98877,1.31003,0.86046
0.99121,1.29866,0.85552
0.99365,1.28706,0.85049
0.99609,1.27527,0.84533
0.99854,1.26334,0.84001
1.00098,1.25134,0.83450
1.00342,1.23930,0.82880
1.00586,1.22731,0.82289
1.00830,1.21540,0.81678
1.01074,1.20364,0.81048
1.01318,1.19208,0.80399
1.01562,1.18076,0.79734
1.01807,1.16974,0.79054
1.02051,1.15905,0.78363
1.02295,1.14874,0.77662
1.02539,1.13884,0.76956
1.02783,1.12940,0.76249
1.03027,1.12044,0.75543
1.03271,1.11200,0.74844
1.03516,1.10412,0.74155
1.03760,1.09681,0.73481
1.04004,1.09011,0.72827
1.04248,1.08403,0.72197
1.04492,1.07857,0.71593
1.04736,1.07374,0.71020
1.04980,1.06952,0.70480
1.05225,1.06588,0.69974
1.05469,1.06279,0.69502
1.05713,1.06018,0.69063
1.05957,1.05797,0.68655
1.06201,1.05608,0.68274
1.06445,1.05439,0.67916
1.06689,1.05279,0.67572
1.06934,1.05112,0.67237
1.07178,1.04925,0.66902
1.07422,1.04703,0.66557
1.07666,1.04430,0.66193
1.07910,1.04092,0.65802
1.08154,1.03675,0.65373
1.08398,1.03166,0.64899
1.08643,1.02554,0.64373
1.08887,1.01831,0.63789
1.09131,1.00991,0.63143
1.09375,1.00030,0.62432
1.09619,0.98949,0.61656
1.09863,0.97749,0.60818
1.10107,0.96438,0.59921
1.10352,0.95025,0.58971
1.10596,0.93521,0.57976
1.10840,0.91942,0.56945
1.11084,0.90305,0.55888
1.11328,0.88627,0.54819
1.11572,0.86929,0.53748
1.11816,0.85232,0.52689
1.12061,0.83557,0.51656
1.12305,0.81923,0.50659
1.12549,0.80352,0.49711
1.12793,0.78860,0.48822
1.13037,0.77465,0.48002
1.13281,0.76181,0.47258
1.13525,0.75020,0.46597
1.13770,0.73989,0.46022
1.14014,0.73095,0.45535
1.14258,0.72340,0.45138
1.14502,0.71722,0.44827
1.14746,0.71239,0.44599
1.14990,0.70881,0.44449
1.15234,0.70640,0.44370
1.15479,0.70501,0.44353
1.15723,0.70451,0.44389
1.15967,0.70471,0.44466
1.16211,0.70544,0.44575
1.16455,0.70649,0.44702
1.16699,0.70767,0.44837
1.16943,0.70878,0.44968
1.17188,0.70963,0.45084
1.17432,0.71003,0.45176
1.17676,0.70981,0.45234
1.17920,0.70883,0.45251
1.18164,0.70696,0.45221
1.18408,0.70411,0.45138
1.18652,0.70021,0.45002
1.18896,0.69522,0.44810
1.19141,0.68912,0.44563
1.19385,0.68195,0.44264
1.19629,0.67374,0.43918
1.19873,0.66459,0.43529
1.20117,0.65458,0.43104
1.20361,0.64384,0.42651
1.20605,0.63251,0.42178
1.20850,0.62073,0.41695
1.21094,0.60866,0.41210
1.21338,0.59646,0.40731
1.21582,0.58429,0.40267
1.21826,0.57230,0.39826
1.22070,0.56064,0.39414
1.22314,0.54943,0.39035
1.22559,0.53880,0.38695
1.22803,0.52886,0.38396
1.23047,0.51968,0.38140
1.23291,0.51133,0.37926
1.23535,0.50386,0.37754
1.23779,0.49731,0.37621
1.24023,0.49169,0.37522
1.24268,0.48700,0.37455
1.24512,0.48322,0.37413
1.24756,0.48033,0.37392
1.25000,0.47828,0.37384
1.25244,0.47703,0.37383
1.25488,0.47652,0.37384
1.25732,0.47667,0.37381
1.25977,0.47743,0.37367
1.26221,0.47871,0.37337
1.26465,0.48043,0.37287
1.26709,0.48251,0.37213
1.26953,0.48485,0.37111
1.27197,0.48739,0.36978
1.27441,0.49001,0.36814
1.27686,0.49265,0.36617
1.27930,0.49521,0.36387
1.28174,0.49761,0.36124
1.28418,0.49977,0.35829
1.28662,0.50162,0.35505
1.28906,0.50310,0.35153
1.29150,0.50415,0.34775
1.29395,0.50472,0.34376
1.29639,0.50477,0.33959
1.29883,0.50428,0.33526
1.30127,0.50323,0.33082
1.30371,0.50162,0.32630
1.30615,0.49946,0.32175
1.30859,0.49678,0.31718
1.31104,0.49360,0.31265
1.31348,0.48997,0.30817
1.31592,0.48595,0.30378
1.31836,0.48158,0.29950
1.32080,0.47694,0.29535
1.32324,0.47209,0.29134
1.32568,0.46710,0.28748
1.32812,0.46203,0.28379
1.33057,0.45695,0.28026
1.33301,0.45191,0.27688
1.33545,0.44696,0.27366
1.33789,0.44216,0.27058
1.34033,0.43752,0.26762
1.34277,0.43309,0.26477
1.34521,0.42886,0.26200
1.34766,0.42485,0.25929
1.35010,0.42106,0.25661
1.35254,0.41747,0.25395
1.35498,0.41406,0.25128
1.35742,0.41082,0.24858
1.35986,0.40773,0.24583
1.36230,0.40475,0.24301
1.36475,0.40187,0.24012
1.36719,0.39906,0.23715
1.36963,0.39632,0.23412
1.37207,0.39364,0.23101
1.37451,0.39102,0.22786
1.37695,0.38847,0.22469
1.37939,0.38601,0.22154
1.38184,0.38368,0.21843
1.38428,0.38150,0.21543
1.38672,0.37954,0.21258
1.38916,0.37784,0.20995
1.39160,0.37648,0.20759
1.39404,0.37552,0.20558
1.39648,0.37505,0.20398
1.39893,0.37513,0.20287
1.40137,0.37586,0.20231
1.40381,0.37730,0.20236
1.40625,0.37954,0.20309
1.40869,0.38265,0.20454
1.41113,0.38669,0.20676
1.41357,0.39172,0.20979
1.41602,0.39777,0.21365
1.41846,0.40488,0.21834
1.42090,0.41306,0.22386
1.42334,0.42228,0.23019
1.42578,0.43253,0.23729
1.42822,0.44373,0.24509
1.43066,0.45580,0.25353
1.43311,0.46863,0.26252
1.43555,0.48207,0.27193
1.43799,0.49596,0.28166
1.44043,0.51009,0.29155
1.44287,0.52425,0.30146
1.44531,0.53820,0.31124
1.44775,0.55168,0.32071
1.45020,0.56445,0.32972
1.45264,0.57622,0.33811
1.45508,0.58677,0.34572
1.45752,0.59584,0.35242
1.45996,0.60323,0.35808
1.46240,0.60875,0.36261
1.46484,0.61225,0.36591
1.46729,0.61363,0.36795
1.46973,0.61285,0.36870
1.47217,0.60988,0.36815
1.47461,0.60478,0.36635
1.47705,0.59764,0.36336
1.47949,0.58860,0.35925
1.48193,0.57783,0.35415
1.48438,0.56556,0.34816
1.48682,0.55202,0.34145
1.48926,0.53747,0.33415
1.49170,0.52218,0.32642
1.49414,0.50642,0.31841
1.49658,0.49045,0.31028
1.49902,0.47451,0.30216
1.50146,0.45883,0.29418
1.50391,0.44359,0.28644
1.50635,0.42896,0.27905
1.50879,0.41506,0.27207
1.51123,0.40197,0.26556
1.51367,0.38976,0.25954
1.51611,0.37844,0.25404
1.51855,0.36801,0.24904
1.52100,0.35844,0.24454
1.52344,0.34968,0.24050
1.52588,0.34169,0.23688
1.52832,0.33438,0.23363
1.53076,0.32771,0.23072
1.53320,0.32160,0.22808
1.53564,0.31602,0.22568
1.53809,0.31092,0.22345
1.54053,0.30629,0.22138
1.54297,0.30211,0.21942
1.54541,0.29840,0.21754
1.54785,0.29517,0.21573
1.55029,0.29248,0.21397
1.55273,0.29035,0.21227
1.55518,0.28884,0.21062
1.55762,0.28800,0.20902
1.56006,0.28787,0.20749
1.56250,0.28850,0.20604
1.56494,0.28989,0.20468
1.56738,0.29206,0.20342
1.56982,0.29499,0.20227
1.57227,0.29865,0.20125
1.57471,0.30296,0.20036
1.57715,0.30783,0.19960
1.57959,0.31317,0.19897
1.58203,0.31882,0.19845
1.58447,0.32464,0.19804
1.58691,0.33045,0.19772
1.58936,0.33608,0.19745
1.59180,0.34134,0.19723
1.59424,0.34603,0.19700
1.59668,0.34999,0.19676
1.59912,0.35305,0.19645
1.60156,0.35506,0.19605
1.60400,0.35590,0.19553
1.60645,0.35547,0.19486
1.60889,0.35371,0.19402
1.61133,0.35059,0.19298
1.61377,0.34612,0.19174
1.61621,0.34034,0.19028
1.61865,0.33332,0.18860
1.62109,0.32517,0.18672
1.62354,0.31603,0.18464
1.62598,0.30606,0.18239
1.62842,0.29544,0.17999
1.63086,0.28437,0.17747
1.63330,0.27305,0.17487
1.63574,0.26169,0.17223
1.63818,0.25050,0.16958
1.64062,0.23969,0.16697
1.64307,0.22943,0.16445
1.64551,0.21991,0.16204
1.64795,0.21128,0.15978
1.65039,0.20366,0.15770
1.65283,0.19717,0.15584
1.65527,0.19187,0.15420
1.65771,0.18783,0.15281
1.66016,0.18506,0.15166
1.66260,0.18356,0.15075
1.66504,0.18328,0.15009
1.66748,0.18418,0.14964
1.66992,0.18617,0.14939
1.67236,0.18914,0.14932
1.67480,0.19296,0.14938
1.67725,0.19749,0.14954
1.67969,0.20258,0.14976
1.68213,0.20805,0.14999
1.68457,0.21374,0.15020
1.68701,0.21946,0.15033
1.68945,0.22505,0.15036
1.69189,0.23034,0.15022
1.69434,0.23516,0.14990
1.69678,0.23938,0.14936
1.69922,0.24285,0.14857
1.70166,0.24548,0.14752
1.70410,0.24716,0.14618
1.70654,0.24784,0.14455
1.70898,0.24747,0.14263
1.71143,0.24603,0.14043
1.71387,0.24353,0.13795
1.71631,0.23999,0.13522
1.71875,0.23547,0.13226
1.72119,0.23004,0.12909
1.72363,0.22378,0.12574
1.72607,0.21680,0.12225
1.72852,0.20920,0.11866
1.73096,0.20111,0.11499
1.73340,0.19264,0.11128
1.73584,0.18392,0.10756
1.73828,0.17506,0.10388
1.74072,0.16619,0.10025
1.74316,0.15740,0.09671
1.74561,0.14880,0.09328
1.74805,0.14046,0.08998
1.75049,0.13247,0.08683
1.75293,0.12488,0.08384
1.75537,0.11776,0.08104
1.75781,0.11113,0.07842
1.76025,0.10503,0.07599
1.76270,0.09949,0.07376
1.76514,0.09451,0.07173
1.76758,0.09011,0.06989
1.77002,0.08628,0.06826
1.77246,0.08303,0.06682
1.77490,0.08036,0.06557
1.77734,0.07825,0.06450
1.77979,0.07671,0.06362
1.78223,0.07573,0.06291
1.78467,0.07530,0.06237
1.78711,0.07541,0.06198
1.78955,0.07605,0.06175
1.79199,0.07721,0.06167
1.79443,0.07889,0.06171
1.79688,0.08105,0.06188
1.79932,0.08368,0.06217
1.80176,0.08674,0.06254
1.80420,0.09022,0.06301
1.80664,0.09405,0.06354
1.80908,0.09820,0.06413
1.81152,0.10262,0.06475
1.81396,0.10723,0.06539
1.81641,0.11196,0.06602
1.81885,0.11675,0.06663
1.82129,0.12151,0.06720
1.82373,0.12616,0.06770
1.82617,0.13062,0.06812
1.82861,0.13479,0.06844
1.83105,0.13861,0.06863
1.83350,0.14199,0.06869
1.83594,0.14487,0.06860
1.83838,0.14718,0.06834
1.84082,0.14887,0.06792
1.84326,0.14992,0.06732
1.84570,0.15029,0.06655
1.84814,0.14997,0.06560
1.85059,0.14897,0.06449
1.85303,0.14730,0.06322
1.85547,0.14499,0.06180
1.85791,0.14210,0.06026
1.86035,0.13866,0.05860
1.86279,0.13475,0.05685
1.86523,0.13043,0.05504
1.86768,0.12578,0.05317
1.87012,0.12087,0.05128
1.87256,0.11578,0.04939
1.87500,0.11059,0.04751
1.87744,0.10537,0.04567
1.87988,0.10019,0.04388
1.88232,0.09511,0.04217
1.88477,0.09019,0.04053
1.88721,0.08547,0.03900
1.88965,0.08099,0.03756
1.89209,0.07679,0.03623
1.89453,0.07288,0.03501
1.89697,0.06927,0.03389
1.89941,0.06599,0.03289
1.90186,0.06301,0.03199
1.90430,0.06035,0.03119
1.90674,0.05798,0.03048
1.90918,0.05589,0.02986
1.91162,0.05406,0.02932
1.91406,0.05248,0.02884
1.91650,0.05112,0.02843
1.91895,0.04995,0.02807
1.92139,0.04895,0.02776
1.92383,0.04810,0.02748
1.92627,0.04738,0.02723
1.92871,0.04676,0.02701
1.93115,0.04623,0.02682
1.93359,0.04578,0.02664
1.93604,0.04537,0.02647
1.93848,0.04502,0.02631
1.94092,0.04469,0.02617
1.94336,0.04439,0.02603
1.94580,0.04410,0.02589
1.94824,0.04383,0.02577
1.95068,0.04357,0.02564
1.95312,0.04332,0.02552
1.95557,0.04308,0.02541
1.95801,0.04284,0.02530
1.96045,0.04262,0.02520
1.96289,0.04242,0.02510
1.96533,0.04223,0.02501
1.96777,0.04207,0.02493
1.97021,0.04193,0.02485
1.97266,0.04182,0.02478
1.97510,0.04175,0.02472
1.97754,0.04172,0.02468
1.97998,0.04174,0.02464
1.98242,0.04180,0.02462
1.98486,0.04192,0.02462
1.98730,0.04210,0.02464
1.98975,0.04234,0.02468
1.99219,0.04265,0.02474
1.99463,0.04302,0.02484
1.99707,0.04347,0.02496
1.99951,0.04399,0.02512
2.00195,0.04459,0.02532
2.00439,0.04526,0.02556
2.00684,0.04601,0.02583
2.00928,0.04684,0.02615
2.01172,0.04774,0.02651
2.01416,0.04870,0.02692
2.01660,0.04973,0.02736
2.01904,0.05082,0.02783
2.02148,0.05195,0.02834
2.02393,0.05311,0.02888
2.02637,0.05431,0.02944
2.02881,0.05551,0.03001
2.03125,0.05671,0.03059
2.03369,0.05790,0.03117
2.03613,0.05905,0.03174
2.03857,0.06015,0.03229
2.04102,0.06119,0.03282
2.04346,0.06214,0.03331
2.04590,0.06300,0.03376
2.04834,0.06375,0.03417
2.05078,0.06437,0.03453
2.05322,0.06486,0.03483
2.05566,0.06521,0.03507
2.05811,0.06541,0.03525
2.06055,0.06545,0.03537
2.06299,0.06534,0.03544
2.06543,0.06507,0.03544
2.06787,0.06464,0.03539
2.07031,0.06407,0.03528
2.07275,0.06336,0.03512
2.07520,0.06251,0.03492
2.07764,0.06155,0.03468
2.08008,0.06047,0.03440
2.08252,0.05930,0.03408
2.08496,0.05805,0.03373
2.08740,0.05673,0.03336
2.08984,0.05536,0.03296
2.09229,0.05395,0.03254
2.09473,0.05253,0.03209
2.09717,0.05109,0.03163
2.09961,0.04966,0.03114
2.10205,0.04824,0.03064
2.10449,0.04685,0.03011
2.10693,0.04550,0.02957
2.10938,0.04418,0.02901
2.11182,0.04291,0.02844
2.11426,0.04169,0.02784
2.11670,0.04051,0.02723
2.11914,0.03939,0.02660
2.12158,0.03830,0.02595
2.12402,0.03726,0.02528
2.12646,0.03625,0.02460
2.12891,0.03527,0.02390
2.13135,0.03432,0.02318
2.13379,0.03337,0.02245
2.13623,0.03243,0.02170
2.13867,0.03149,0.02094
2.14111,0.03054,0.02017
2.14355,0.02957,0.01938
2.14600,0.02858,0.01858
2.14844,0.02757,0.01777
2.15088,0.02652,0.01696
2.15332,0.02544,0.01613
2.15576,0.02434,0.01531
2.15820,0.02320,0.01447
2.16064,0.02203,0.01364
2.16309,0.02084,0.01282
2.16553,0.01964,0.01200
2.16797,0.01842,0.01118
2.17041,0.01720,0.01039
2.17285,0.01599,0.00960
2.17529,0.01479,0.00884
2.17773,0.01361,0.00811
2.18018,0.01246,0.00740
2.18262,0.01135,0.00672
2.18506,0.01028,0.00607
2.18750,0.00926,0.00546
2.18994,0.00830,0.00488
2.19238,0.00739,0.00434
2.19482,0.00655,0.00384
2.19727,0.00577,0.00338
2.19971,0.00505,0.00296
2.20215,0.00439,0.00258
2.20459,0.00380,0.00223
2.20703,0.00327,0.00192
2.20947,0.00279,0.00164
2.21191,0.00237,0.00140
2.21436,0.00200,0.00118
2.21680,0.00168,0.00099
2.21924,0.00140,0.00083
2.22168,0.00116,0.00069
2.22412,0.00095,0.00057
2.22656,0.00078,0.00046
2.22900,0.00063,0.00038
2.23145,0.00051,0.00031
2.23389,0.00041,0.00025
2.23633,0.00033,0.00020
2.23877,0.00026,0.00016
2.24121,0.00020,0.00012
2.24365,0.00016,0.00010
2.24609,0.00012,0.00008
2.24854,0.00010,0.00006
2.25098,0.00007,0.00005
2.25342,0.00006,0.00003
2.25586,0.00004,0.00003
2.25830,0.00003,0.00002
2.26074,0.00002,0.00001
2.26318,0.00002,0.00001
2.26562,0.00001,0.00001
2.26807,0.00001,0.00001
2.27051,0.00001,0.00000
2.27295,0.00001,0.00000
2.27539,0.00000,0.00000
2.27783,0.00000,0.00000
2.28027,0.00000,0.00000
2.28271,0.00000,0.00000
2.28516,0.00000,0.00000
2.28760,0.00000,0.00000
2.29004,0.00000,0.00000
2.29248,0.00000,0.00000
2.29492,0.00000,0.00000
2.29736,0.00000,0.00000
2.29980,0.00000,0.00000
2.30225,0.00000,0.00000
2.30469,0.00000,0.00000
2.30713,0.00000,0.00000
2.30957,0.00000,0.00000
2.31201,0.00000,0.00000
2.31445,0.00000,0.00000
2.31689,0.00000,0.00000
2.31934,0.00000,0.00000
2.32178,0.00000,0.00000
2.32422,0.00000,0.00000
2.32666,0.00000,0.00000
2.32910,0.00000,0.00000
2.33154,0.00000,0.00000
2.33398,0.00000,0.00000
2.33643,0.00000,0.00000
2.33887,0.00000,0.00000
2.34131,0.00000,0.00000
2.34375,0.00000,0.00000
2.34619,0.00000,0.00000
2.34863,0.00000,0.00000
2.35107,0.00000,0.00000
2.35352,0.00000,0.00000
2.35596,0.00000,0.00000
2.35840,0.00000,0.00000
2.36084,0.00000,0.00000
2.36328,0.00000,0.00000
2.36572,0.00000,0.00000
2.36816,0.00000,0.00000
2.37061,0.00000,0.00000
2.37305,0.00000,0.00000
2.37549,0.00000,0.00000
2.37793,0.00000,0.00000
2.38037,0.00000,0.00000
2.38281,0.00000,0.00000
2.38525,0.00000,0.00000
2.38770,0.00000,0.00000
2.39014,0.00000,0.00000
2.39258,0.00000,0.00000
2.39502,0.00000,0.00000
2.39746,0.00000,0.00000
2.39990,0.00000,0.00000
2.40234,0.00000,0.00000
2.40479,0.00000,0.00000
2.40723,0.00000,0.00000
2.40967,0.00000,0.00000
2.41211,0.00000,0.00000
2.41455,0.00000,0.00000
2.41699,0.00000,0.00000
2.41943,0.00000,0.00000
2.42188,0.00000,0.00000
2.42432,0.00000,0.00000
2.42676,0.00000,0.00000
2.42920,0.00000,0.00000
2.43164,0.00000,0.00000
2.43408,0.00000,0.00000
2.43652,0.00000,0.00000
2.43896,0.00000,0.00000
2.44141,0.00000,0.00000
2.44385,0.00000,0.00000
2.44629,0.00000,0.00000
2.44873,0.00000,0.00000
2.45117,0.00000,0.00000
2.45361,0.00000,0.00000
2.45605,0.00000,0.00000
2.45850,0.00000,0.00000
2.46094,0.00000,0.00000
2.46338,0.00000,0.00000
2.46582,0.00000,0.00000
2.46826,0.00000,0.00000
2.47070,0.00000,0.00000
2.47314,0.00000,0.00000
2.47559,0.00000,0.00000
2.47803,0.00000,0.00000
2.48047,0.00000,0.00000
2.48291,0.00000,0.00000
2.48535,0.00000,0.00000
2.48779,0.00000,0.00000
2.49023,0.00000,0.00000
2.49268,0.00000,0.00000
2.49512,0.00000,0.00000
2.49756,0.00000,0.00000
2.50000,0.00000,0.00000
2.50244,0.00000,0.00000
2.50488,0.00000,0.00000
2.50732,0.00000,0.00000
2.50977,0.00000,0.00000
2.51221,0.00000,0.00000
2.51465,0.00000,0.00000
2.51709,0.00000,0.00000
2.51953,0.00000,0.00000
2.52197,0.00000,0.00000
2.52441,0.00000,0.00000
2.52686,0.00000,0.00000
2.52930,0.00000,0.00000
2.53174,0.00000,0.00000
2.53418,0.00000,0.00000
2.53662,0.00000,0.00000
2.53906,0.00000,0.00000
2.54150,0.00000,0.00000
2.54395,0.00000,0.00000
2.54639,0.00000,0.00000
2.54883,0.00000,0.00000
2.55127,0.00000,0.00000
2.55371,0.00000,0.00000
2.55615,0.00000,0.00000
2.55859,0.00000,0.00000
2.56104,0.00000,0.00000
2.56348,0.00000,0.00000
2.56592,0.00000,0.00000
2.56836,0.00000,0.00000
2.57080,0.00000,0.00000
2.57324,0.00000,0.00000
2.57568,0.00000,0.00000
2.57812,0.00000,0.00000
2.58057,0.00000,0.00000
2.58301,0.00000,0.00000
2.58545,0.00000,0.00000
2.58789,0.00000,0.00000
2.59033,0.00000,0.00000
2.59277,0.00000,0.00000
2.59521,0.00000,0.00000
2.59766,0.00000,0.00000
2.60010,0.00000,0.00000
2.60254,0.00000,0.00000
2.60498,0.00000,0.00000
2.60742,0.00000,0.00000
2.60986,0.00000,0.00000
2.61230,0.00000,0.00000
2.61475,0.00000,0.00000
2.61719,0.00000,0.00000
2.61963,0.00000,0.00000
2.62207,0.00000,0.00000
2.62451,0.00000,0.00000
2.62695,0.00000,0.00000
2.62939,0.00000,0.00000
2.63184,0.00000,0.00000
2.63428,0.00000,0.00000
2.63672,0.00000,0.00000
2.63916,0.00000,0.00000
2.64160,0.00000,0.00000
2.64404,0.00000,0.00000
2.64648,0.00000,0.00000
2.64893,0.00000,0.00000
2.65137,0.00000,0.00000
2.65381,0.00000,0.00000
2.65625,0.00000,0.00000
2.65869,0.00000,0.00000
2.66113,0.00000,0.00000
2.66357,0.00000,0.00000
2.66602,0.00000,0.00000
2.66846,0.00000,0.00000
2.67090,0.00000,0.00000
2.67334,0.00000,0.00000
2.67578,0.00000,0.00000
2.67822,0.00000,0.00000
2.68066,0.00000,0.00000
2.68311,0.00000,0.00000
2.68555,0.00000,0.00000
2.68799,0.00000,0.00000
2.69043,0.00000,0.00000
2.69287,0.00000,0.00000
2.69531,0.00000,0.00000
2.69775,0.00000,0.00000
2.70020,0.00000,0.00000
2.70264,0.00000,0.00000
2.70508,0.00000,0.00000
2.70752,0.00000,0.00000
2.70996,0.00000,0.00000
2.71240,0.00000,0.00000
2.71484,0.00000,0.00000
2.71729,0.00000,0.00000
2.71973,0.00000,0.00000
2.72217,0.00000,0.00000
2.72461,0.00000,0.00000
2.72705,0.00000,0.00000
2.72949,0.00000,0.00000
2.73193,0.00000,0.00000
2.73438,0.00000,0.00000
2.73682,0.00000,0.00000
2.73926,0.00000,0.00000
2.74170,0.00000,0.00000
2.74414,0.00000,0.00000
2.74658,0.00000,0.00000
2.74902,0.00000,0.00000
2.75146,0.00000,0.00000
2.75391,0.00000,0.00000
2.75635,0.00000,0.00000
2.75879,0.00000,0.00000
2.76123,0.00000,0.00000
2.76367,0.00000,0.00000
2.76611,0.00000,0.00000
2.76855,0.00000,0.00000
2.77100,0.00000,0.00000
2.77344,0.00000,0.00000
2.77588,0.00000,0.00000
2.77832,0.00000,0.00000
2.78076,0.00000,0.00000
2.78320,0.00000,0.00000
2.78564,0.00000,0.00000
2.78809,0.00000,0.00000
2.79053,0.00000,0.00000
2.79297,0.00000,0.00000
2.79541,0.00000,0.00000
2.79785,0.00000,0.00000
2.80029,0.00000,0.00000
2.80273,0.00000,0.00000
2.80518,0.00000,0.00000
2.80762,0.00000,0.00000
2.81006,0.00000,0.00000
2.81250,0.00000,0.00000
2.81494,0.00000,0.00000
2.81738,0.00000,0.00000
2.81982,0.00000,0.00000
2.82227,0.00000,0.00000
2.82471,0.00000,0.00000
2.82715,0.00000,0.00000
2.82959,0.00000,0.00000
2.83203,0.00000,0.00000
2.83447,0.00000,0.00000
2.83691,0.00000,0.00000
2.83936,0.00000,0.00000
2.84180,0.00000,0.00000
2.84424,0.00000,0.00000
2.84668,0.00000,0.00000
2.84912,0.00000,0.00000
2.85156,0.00000,0.00000
2.85400,0.00000,0.00000
2.85645,0.00000,0.00000
2.85889,0.00000,0.00000
2.86133,0.00000,0.00000
2.86377,0.00000,0.00000
2.86621,0.00000,0.00000
2.86865,0.00000,0.00000
2.87109,0.00000,0.00000
2.87354,0.00000,0.00000
2.87598,0.00000,0.00000
2.87842,0.00000,0.00000
2.88086,0.00000,0.00000
2.88330,0.00000,0.00000
2.88574,0.00000,0.00000
2.88818,0.00000,0.00000
2.89062,0.00000,0.00000
2.89307,0.00000,0.00000
2.89551,0.00000,0.00000
2.89795,0.00000,0.00000
2.90039,0.00000,0.00000
2.90283,0.00000,0.00000
2.90527,0.00000,0.00000
2.90771,0.00000,0.00000
2.91016,0.00000,0.00000
2.91260,0.00000,0.00000
2.91504,0.00000,0.00000
2.91748,0.00000,0.00000
2.91992,0.00000,0.00000
2.92236,0.00000,0.00000
2.92480,0.00000,0.00000
2.92725,0.00000,0.00000
2.92969,0.00000,0.00000
2.93213,0.00000,0.00000
2.93457,0.00000,0.00000
2.93701,0.00000,0.00000
2.93945,0.00000,0.00000
2.94189,0.00000,0.00000
2.94434,0.00000,0.00000
2.94678,0.00000,0.00000
2.94922,0.00000,0.00000
2.95166,0.00000,0.00000
2.95410,0.00000,0.00000
2.95654,0.00000,0.00000
2.95898,0.00000,0.00000
2.96143,0.00000,0.00000
2.96387,0.00000,0.00000
2.96631,0.00000,0.00000
2.96875,0.00000,0.00000
2.97119,0.00000,0.00000
2.97363,0.00000,0.00000
2.97607,0.00000,0.00000
2.97852,0.00000,0.00000
2.98096,0.00000,0.00000
2.98340,0.00000,0.00000
2.98584,0.00000,0.00000
2.98828,0.00000,0.00000
2.99072,0.00000,0.00000
2.99316,0.00000,0.00000
2.99561,0.00000,0.00000
2.99805,0.00000,0.00000
3.00049,0.00000,0.00000
3.00293,0.00000,0.00000
3.00537,0.00000,0.00000
3.00781,0.00000,0.00000
3.01025,0.00000,0.00000
3.01270,0.00000,0.00000
3.01514,0.00000,0.00000
3.01758,0.00000,0.00000
3.02002,0.00000,0.00000
3.02246,0.00000,0.00000
3.02490,0.00000,0.00000
3.02734,0.00000,0.00000
3.02979,0.00000,0.00000
3.03223,0.00000,0.00000
3.03467,0.00000,0.00000
3.03711,0.00000,0.00000
3.03955,0.00000,0.00000
3.04199,0.00000,0.00000
3.04443,0.00000,0.00000
3.04688,0.00000,0.00000
3.04932,0.00000,0.00000
3.05176,0.00000,0.00000
3.05420,0.00000,0.00000
3.05664,0.00000,0.00000
3.05908,0.00000,0.00000
3.06152,0.00000,0.00000
3.06396,0.00000,0.00000
3.06641,0.00000,0.00000
3.06885,0.00000,0.00000
3.07129,0.00000,0.00000
3.07373,0.00000,0.00000
3.07617,0.00000,0.00000
3.07861,0.00000,0.00000
3.08105,0.00000,0.00000
3.08350,0.00000,0.00000
3.08594,0.00000,0.00000
3.08838,0.00000,0.00000
3.09082,0.00000,0.00000
3.09326,0.00000,0.00000
3.09570,0.00000,0.00000
3.09814,0.00000,0.00000
3.10059,0.00000,0.00000
3.10303,0.00000,0.00000
3.10547,0.00000,0.00000
3.10791,0.00000,0.00000
3.11035,0.00000,0.00000
3.11279,0.00000,0.00000
3.11523,0.00000,0.00000
3.11768,0.00000,0.00000
3.12012,0.00000,0.00000
3.12256,0.00000,0.00000
3.12500,0.00000,0.00000
3.12744,0.00000,0.00000
3.12988,0.00000,0.00000
3.13232,0.00000,0.00000
3.13477,0.00000,0.00000
3.13721,0.00000,0.00000
3.13965,0.00000,0.00000
3.14209,0.00000,0.00000
3.14453,0.00000,0.00000
3.14697,0.00000,0.00000
3.14941,0.00000,0.00000
3.15186,0.00000,0.00000
3.15430,0.00000,0.00000
3.15674,0.00000,0.00000
3.15918,0.00000,0.00000
3.16162,0.00000,0.00000
3.16406,0.00000,0.00000
3.16650,0.00000,0.00000
3.16895,0.00000,0.00000
3.17139,0.00000,0.00000
3.17383,0.00000,0.00000
3.17627,0.00000,0.00000
3.17871,0.00000,0.00000
3.18115,0.00000,0.00000
3.18359,0.00000,0.00000
3.18604,0.00000,0.00000
3.18848,0.00000,0.00000
3.19092,0.00000,0.00000
3.19336,0.00000,0.00000
3.19580,0.00000,0.00000
3.19824,0.00000,0.00000
3.20068,0.00000,0.00000
3.20312,0.00000,0.00000
3.20557,0.00000,0.00000
3.20801,0.00000,0.00000
3.21045,0.00000,0.00000
3.21289,0.00000,0.00000
3.21533,0.00000,0.00000
3.21777,0.00000,0.00000
3.22021,0.00000,0.00000
3.22266,0.00000,0.00000
3.22510,0.00000,0.00000
3.22754,0.00000,0.00000
3.22998,0.00000,0.00000
3.23242,0.00000,0.00000
3.23486,0.00000,0.00000
3.23730,0.00000,0.00000
3.23975,0.00000,0.00000
3.24219,0.00000,0.00000
3.24463,0.00000,0.00000
3.24707,0.00000,0.00000
3.24951,0.00000,0.00000
3.25195,0.00000,0.00000
3.25439,0.00000,0.00000
3.25684,0.00000,0.00000
3.25928,0.00000,0.00000
3.26172,0.00000,0.00000
3.26416,0.00000,0.00000
3.26660,0.00000,0.00000
3.26904,0.00000,0.00000
3.27148,0.00000,0.00000
3.27393,0.00000,0.00000
3.27637,0.00000,0.00000
3.27881,0.00000,0.00000
3.28125,0.00000,0.00000
3.28369,0.00000,0.00000
3.28613,0.00000,0.00000
3.28857,0.00000,0.00000
3.29102,0.00000,0.00000
3.29346,0.00000,0.00000
3.29590,0.00000,0.00000
3.29834,0.00000,0.00000
3.30078,0.00000,0.00000
3.30322,0.00000,0.00000
3.30566,0.00000,0.00000
3.30811,0.00000,0.00000
3.31055,0.00000,0.00000
3.31299,0.00000,0.00000
3.31543,0.00000,0.00000
3.31787,0.00000,0.00000
3.32031,0.00000,0.00000
3.32275,0.00000,0.00000
3.32520,0.00000,0.00000
3.32764,0.00000,0.00000
3.33008,0.00000,0.00000
3.33252,0.00000,0.00000
3.33496,0.00000,0.00000
3.33740,0.00000,0.00000
3.33984,0.00000,0.00000
3.34229,0.00000,0.00000
3.34473,0.00000,0.00000
3.34717,0.00000,0.00000
3.34961,0.00000,0.00000
3.35205,0.00000,0.00000
3.35449,0.00000,0.00000
3.35693,0.00000,0.00000
3.35938,0.00000,0.00000
3.36182,0.00000,0.00000
3.36426,0.00000,0.00000
3.36670,0.00000,0.00000
3.36914,0.00000,0.00000
3.37158,0.00000,0.00000
3.37402,0.00000,0.00000
3.37646,0.00000,0.00000
3.37891,0.00000,0.00000
3.38135,0.00000,0.00000
3.38379,0.00000,0.00000
3.38623,0.00000,0.00000
3.38867,0.00000,0.00000
3.39111,0.00000,0.00000
3.39355,0.00000,0.00000
3.39600,0.00000,0.00000
3.39844,0.00000,0.00000
3.40088,0.00000,0.00000
3.40332,0.00000,0.00000
3.40576,0.00000,0.00000
3.40820,0.00000,0.00000
3.41064,0.00000,0.00000
3.41309,0.00000,0.00000
3.41553,0.00000,0.00000
3.41797,0.00000,0.00000
3.42041,0.00000,0.00000
3.42285,0.00000,0.00000
3.42529,0.00000,0.00000
3.42773,0.00000,0.00000
3.43018,0.00000,0.00000
3.43262,0.00000,0.00000
3.43506,0.00000,0.00000
3.43750,0.00000,0.00000
3.43994,0.00000,0.00000
3.44238,0.00000,0.00000
3.44482,0.00000,0.00000
3.44727,0.00000,0.00000
3.44971,0.00000,0.00000
3.45215,0.00000,0.00000
3.45459,0.00000,0.00000
3.45703,0.00000,0.00000
3.45947,0.00000,0.00000
3.46191,0.00000,0.00000
3.46436,0.00000,0.00000
3.46680,0.00000,0.00000
3.46924,0.00000,0.00000
3.47168,0.00000,0.00000
3.47412,0.00000,0.00000
3.47656,0.00000,0.00000
3.47900,0.00000,0.00000
3.48145,0.00000,0.00000
3.48389,0.00000,0.00000
3.48633,0.00000,0.00000
3.48877,0.00000,0.00000
3.49121,0.00000,0.00000
3.49365,0.00000,0.00000
3.49609,0.00000,0.00000
3.49854,0.00000,0.00000
3.50098,0.00000,0.00000
3.50342,0.00000,0.00000
3.50586,0.00000,0.00000
3.50830,0.00000,0.00000
3.51074,0.00000,0.00000
3.51318,0.00000,0.00000
3.51562,0.00000,0.00000
3.51807,0.00000,0.00000
3.52051,0.00000,0.00000
3.52295,0.00000,0.00000
3.52539,0.00000,0.00000
3.52783,0.00000,0.00000
3.53027,0.00000,0.00000
3.53271,0.00000,0.00000
3.53516,0.00000,0.00000
3.53760,0.00000,0.00000
3.54004,0.00000,0.00000
3.54248,0.00000,0.00000
3.54492,0.00000,0.00000
3.54736,0.00000,0.00000
3.54980,0.00000,0.00000
3.55225,0.00000,0.00000
3.55469,0.00000,0.00000
3.55713,0.00000,0.00000
3.55957,0.00000,0.00000
3.56201,0.00000,0.00000
3.56445,0.00000,0.00000
3.56689,0.00000,0.00000
3.56934,0.00000,0.00000
3.57178,0.00000,0.00000
3.57422,0.00000,0.00000
3.57666,0.00000,0.00000
3.57910,0.00000,0.00000
3.58154,0.00000,0.00000
3.58398,0.00000,0.00000
3.58643,0.00000,0.00000
3.58887,0.00000,0.00000
3.59131,0.00000,0.00000
3.59375,0.00000,0.00000
3.59619,0.00000,0.00000
3.59863,0.00000,0.00000
3.60107,0.00000,0.00000
3.60352,0.00000,0.00000
3.60596,0.00000,0.00000
3.60840,0.00000,0.00000
3.61084,0.00000,0.00000
3.61328,0.00000,0.00000
3.61572,0.00000,0.00000
3.61816,0.00000,0.00000
3.62061,0.00000,0.00000
3.62305,0.00000,0.00000
3.62549,0.00000,0.00000
3.62793,0.00000,0.00000
3.63037,0.00000,0.00000
3.63281,0.00000,0.00000
3.63525,0.00000,0.00000
3.63770,0.00000,0.00000
3.64014,0.00000,0.00000
3.64258,0.00000,0.00000
3.64502,0.00000,0.00000
3.64746,0.00000,0.00000
3.64990,0.00000,0.00000
3.65234,0.00000,0.00000
3.65479,0.00000,0.00000
3.65723,0.00000,0.00000
3.65967,0.00000,0.00000
3.66211,0.00000,0.00000
3.66455,0.00000,0.00000
3.66699,0.00000,0.00000
3.66943,0.00000,0.00000
3.67188,0.00000,0.00000
3.67432,0.00000,0.00000
3.67676,0.00000,0.00000
3.67920,0.00000,0.00000
3.68164,0.00000,0.00000
3.68408,0.00000,0.00000
3.68652,0.00000,0.00000
3.68896,0.00000,0.00000
3.69141,0.00000,0.00000
3.69385,0.00000,0.00000
3.69629,0.00000,0.00000
3.69873,0.00000,0.00000
3.70117,0.00000,0.00000
3.70361,0.00000,0.00000
3.70605,0.00000,0.00000
3.70850,0.00000,0.00000
3.71094,0.00000,0.00000
3.71338,0.00000,0.00000
3.71582,0.00000,0.00000
3.71826,0.00000,0.00000
3.72070,0.00000,0.00000
3.72314,0.00000,0.00000
3.72559,0.00000,0.00000
3.72803,0.00000,0.00000
3.73047,0.00000,0.00000
3.73291,0.00000,0.00000
3.73535,0.00000,0.00000
3.73779,0.00000,0.00000
3.74023,0.00000,0.00000
3.74268,0.00000,0.00000
3.74512,0.00000,0.00000
3.74756,0.00000,0.00000
3.75000,0.00000,0.00000
3.75244,0.00000,0.00000
3.75488,0.00000,0.00000
3.75732,0.00000,0.00000
3.75977,0.00000,0.00000
3.76221,0.00000,0.00000
3.76465,0.00000,0.00000
3.76709,0.00000,0.00000
3.76953,0.00000,0.00000
3.77197,0.00000,0.00000
3.77441,0.00000,0.00000
3.77686,0.00000,0.00000
3.77930,0.00000,0.00000
3.78174,0.00000,0.00000
3.78418,0.00000,0.00000
3.78662,0.00000,0.00000
3.78906,0.00000,0.00000
3.79150,0.00000,0.00000
3.79395,0.00000,0.00000
3.79639,0.00000,0.00000
3.79883,0.00000,0.00000
3.80127,0.00000,0.00000
3.80371,0.00000,0.00000
3.80615,0.00000,0.00000
3.80859,0.00000,0.00000
3.81104,0.00000,0.00000
3.81348,0.00000,0.00000
3.81592,0.00000,0.00000
3.81836,0.00000,0.00000
3.82080,0.00000,0.00000
3.82324,0.00000,0.00000
3.82568,0.00000,0.00000
3.82812,0.00000,0.00000
3.83057,0.00000,0.00000
3.83301,0.00000,0.00000
3.83545,0.00000,0.00000
3.83789,0.00000,0.00000
3.84033,0.00000,0.00000
3.84277,0.00000,0.00000
3.84521,0.00000,0.00000
3.84766,0.00000,0.00000
3.85010,0.00000,0.00000
3.85254,0.00000,0.00000
3.85498,0.00000,0.00000
3.85742,0.00000,0.00000
3.85986,0.00000,0.00000
3.86230,0.00000,0.00000
3.86475,0.00000,0.00000
3.86719,0.00000,0.00000
3.86963,0.00000,0.00000
3.87207,0.00000,0.00000
3.87451,0.00000,0.00000
3.87695,0.00000,0.00000
3.87939,0.00000,0.00000
3.88184,0.00000,0.00000
3.88428,0.00000,0.00000
3.88672,0.00000,0.00000
3.88916,0.00000,0.00000
3.89160,0.00000,0.00000
3.89404,0.00000,0.00000
3.89648,0.00000,0.00000
3.89893,0.00000,0.00000
3.90137,0.00000,0.00000
3.90381,0.00000,0.00000
3.90625,0.00000,0.00000
3.90869,0.00000,0.00000
3.91113,0.00000,0.00000
3.91357,0.00000,0.00000
3.91602,0.00000,0.00000
3.91846,0.00000,0.00000
3.92090,0.00000,0.00000
3.92334,0.00000,0.00000
3.92578,0.00000,0.00000
3.92822,0.00000,0.00000
3.93066,0.00000,0.00000
3.93311,0.00000,0.00000
3.93555,0.00000,0.00000
3.93799,0.00000,0.00000
3.94043,0.00000,0.00000
3.94287,0.00000,0.00000
3.94531,0.00000,0.00000
3.94775,0.00000,0.00000
3.95020,0.00000,0.00000
3.95264,0.00000,0.00000
3.95508,0.00000,0.00000
3.95752,0.00000,0.00000
3.95996,0.00000,0.00000
3.96240,0.00000,0.00000
3.96484,0.00000,0.00000
3.96729,0.00000,0.00000
3.96973,0.00000,0.00000
3.97217,0.00000,0.00000
3.97461,0.00000,0.00000
3.97705,0.00000,0.00000
3.97949,0.00000,0.00000
3.98193,0.00000,0.00000
3.98438,0.00000,0.00000
3.98682,0.00000,0.00000
3.98926,0.00000,0.00000
3.99170,0.00000,0.00000
3.99414,0.00000,0.00000
3.99658,0.00000,0.00000
3.99902,0.00000,0.00000
4.00146,0.00000,0.00000
4.00391,0.00000,0.00000
4.00635,0.00000,0.00000
4.00879,0.00000,0.00000
4.01123,0.00000,0.00000
4.01367,0.00000,0.00000
4.01611,0.00000,0.00000
4.01855,0.00000,0.00000
4.02100,0.00000,0.00000
4.02344,0.00000,0.00000
4.02588,0.00000,0.00000
4.02832,0.00000,0.00000
4.03076,0.00000,0.00000
4.03320,0.00000,0.00000
4.03564,0.00000,0.00000
4.03809,0.00000,0.00000
4.04053,0.00000,0.00000
4.04297,0.00000,0.00000
4.04541,0.00000,0.00000
4.04785,0.00000,0.00000
4.05029,0.00000,0.00000
4.05273,0.00000,0.00000
4.05518,0.00000,0.00000
4.05762,0.00000,0.00000
4.06006,0.00000,0.00000
4.06250,0.00000,0.00000
4.06494,0.00000,0.00000
4.06738,0.00000,0.00000
4.06982,0.00000,0.00000
4.07227,0.00000,0.00000
4.07471,0.00000,0.00000
4.07715,0.00000,0.00000
4.07959,0.00000,0.00000
4.08203,0.00000,0.00000
4.08447,0.00000,0.00000
4.08691,0.00000,0.00000
4.08936,0.00000,0.00000
4.09180,0.00000,0.00000
4.09424,0.00000,0.00000
4.09668,0.00000,0.00000
4.09912,0.00000,0.00000
4.10156,0.00000,0.00000
4.10400,0.00000,0.00000
4.10645,0.00000,0.00000
4.10889,0.00000,0.00000
4.11133,0.00000,0.00000
4.11377,0.00000,0.00000
4.11621,0.00000,0.00000
4.11865,0.00000,0.00000
4.12109,0.00000,0.00000
4.12354,0.00000,0.00000
4.12598,0.00000,0.00000
4.12842,0.00000,0.00000
4.13086,0.00000,0.00000
4.13330,0.00000,0.00000
4.13574,0.00000,0.00000
4.13818,0.00000,0.00000
4.14062,0.00000,0.00000
4.14307,0.00000,0.00000
4.14551,0.00000,0.00000
4.14795,0.00000,0.00000
4.15039,0.00000,0.00000
4.15283,0.00000,0.00000
4.15527,0.00000,0.00000
4.15771,0.00000,0.00000
4.16016,0.00000,0.00000
4.16260,0.00000,0.00000
4.16504,0.00000,0.00000
4.16748,0.00000,0.00000
4.16992,0.00000,0.00000
4.17236,0.00000,0.00000
4.17480,0.00000,0.00000
4.17725,0.00000,0.00000
4.17969,0.00000,0.00000
4.18213,0.00000,0.00000
4.18457,0.00000,0.00000
4.18701,0.00000,0.00000
4.18945,0.00000,0.00000
4.19189,0.00000,0.00000
4.19434,0.00000,0.00000
4.19678,0.00000,0.00000
4.19922,0.00000,0.00000
4.20166,0.00000,0.00000
4.20410,0.00000,0.00000
4.20654,0.00000,0.00000
4.20898,0.00000,0.00000
4.21143,0.00000,0.00000
4.21387,0.00000,0.00000
4.21631,0.00000,0.00000
4.21875,0.00000,0.00000
4.22119,0.00000,0.00000
4.22363,0.00000,0.00000
4.22607,0.00000,0.00000
4.22852,0.00000,0.00000
4.23096,0.00000,0.00000
4.23340,0.00000,0.00000
4.23584,0.00000,0.00000
4.23828,0.00000,0.00000
4.24072,0.00000,0.00000
4.24316,0.00000,0.00000
4.24561,0.00000,0.00000
4.24805,0.00000,0.00000
4.25049,0.00000,0.00000
4.25293,0.00000,0.00000
4.25537,0.00000,0.00000
4.25781,0.00000,0.00000
4.26025,0.00000,0.00000
4.26270,0.00000,0.00000
4.26514,0.00000,0.00000
4.26758,0.00000,0.00000
4.27002,0.00000,0.00000
4.27246,0.00000,0.00000
4.27490,0.00000,0.00000
4.27734,0.00000,0.00000
4.27979,0.00000,0.00000
4.28223,0.00000,0.00000
4.28467,0.00000,0.00000
4.28711,0.00000,0.00000
4.28955,0.00000,0.00000
4.29199,0.00000,0.00000
4.29443,0.00000,0.00000
4.29688,0.00000,0.00000
4.29932,0.00000,0.00000
4.30176,0.00000,0.00000
4.30420,0.00000,0.00000
4.30664,0.00000,0.00000
4.30908,0.00000,0.00000
4.31152,0.00000,0.00000
4.31396,0.00000,0.00000
4.31641,0.00000,0.00000
4.31885,0.00000,0.00000
4.32129,0.00000,0.00000
4.32373,0.00000,0.00000
4.32617,0.00000,0.00000
4.32861,0.00000,0.00000
4.33105,0.00000,0.00000
4.33350,0.00000,0.00000
4.33594,0.00000,0.00000
4.33838,0.00000,0.00000
4.34082,0.00000,0.00000
4.34326,0.00000,0.00000
4.34570,0.00000,0.00000
4.34814,0.00000,0.00000
4.35059,0.00000,0.00000
4.35303,0.00000,0.00000
4.35547,0.00000,0.00000
4.35791,0.00000,0.00000
4.36035,0.00000,0.00000
4.36279,0.00000,0.00000
4.36523,0.00000,0.00000
4.36768,0.00000,0.00000
4.37012,0.00000,0.00000
4.37256,0.00000,0.00000
4.37500,0.00000,0.00000
4.37744,0.00000,0.00000
4.37988,0.00000,0.00000
4.38232,0.00000,0.00000
4.38477,0.00000,0.00000
4.38721,0.00000,0.00000
4.38965,0.00000,0.00000
4.39209,0.00000,0.00000
4.39453,0.00000,0.00000
4.39697,0.00000,0.00000
4.39941,0.00000,0.00000
4.40186,0.00000,0.00000
4.40430,0.00000,0.00000
4.40674,0.00000,0.00000
4.40918,0.00000,0.00000
4.41162,0.00000,0.00000
4.41406,0.00000,0.00000
4.41650,0.00000,0.00000
4.41895,0.00000,0.00000
4.42139,0.00000,0.00000
4.42383,0.00000,0.00000
4.42627,0.00000,0.00000
4.42871,0.00000,0.00000
4.43115,0.00000,0.00000
4.43359,0.00000,0.00000
4.43604,0.00000,0.00000
4.43848,0.00000,0.00000
4.44092,0.00000,0.00000
4.44336,0.00000,0.00000
4.44580,0.00000,0.00000
4.44824,0.00000,0.00000
4.45068,0.00000,0.00000
4.45312,0.00000,0.00000
4.45557,0.00000,0.00000
4.45801,0.00000,0.00000
4.46045,0.00000,0.00000
4.46289,0.00000,0.00000
4.46533,0.00000,0.00000
4.46777,0.00000,0.00000
4.47021,0.00000,0.00000
4.47266,0.00000,0.00000
4.47510,0.00000,0.00000
4.47754,0.00000,0.00000
4.47998,0.00000,0.00000
4.48242,0.00000,0.00000
4.48486,0.00000,0.00000
4.48730,0.00000,0.00000
4.48975,0.00000,0.00000
4.49219,0.00000,0.00000
4.49463,0.00000,0.00000
4.49707,0.00000,0.00000
4.49951,0.00000,0.00000
4.50195,0.00000,0.00000
4.50439,0.00000,0.00000
4.50684,0.00000,0.00000
4.50928,0.00000,0.00000
4.51172,0.00000,0.00000
4.51416,0.00000,0.00000
4.51660,0.00000,0.00000
4.51904,0.00000,0.00000
4.52148,0.00000,0.00000
4.52393,0.00000,0.00000
4.52637,0.00000,0.00000
4.52881,0.00000,0.00000
4.53125,0.00000,0.00000
4.53369,0.00000,0.00000
4.53613,0.00000,0.00000
4.53857,0.00000,0.00000
4.54102,0.00000,0.00000
4.54346,0.00000,0.00000
4.54590,0.00000,0.00000
4.54834,0.00000,0.00000
4.55078,0.00000,0.00000
4.55322,0.00000,0.00000
4.55566,0.00000,0.00000
4.55811,0.00000,0.00000
4.56055,0.00000,0.00000
4.56299,0.00000,0.00000
4.56543,0.00000,0.00000
4.56787,0.00000,0.00000
4.57031,0.00000,0.00000
4.57275,0.00000,0.00000
4.57520,0.00000,0.00000
4.57764,0.00000,0.00000
4.58008,0.00000,0.00000
4.58252,0.00000,0.00000
4.58496,0.00000,0.00000
4.58740,0.00000,0.00000
4.58984,0.00000,0.00000
4.59229,0.00000,0.00000
4.59473,0.00000,0.00000
4.59717,0.00000,0.00000
4.59961,0.00000,0.00000
4.60205,0.00000,0.00000
4.60449,0.00000,0.00000
4.60693,0.00000,0.00000
4.60938,0.00000,0.00000
4.61182,0.00000,0.00000
4.61426,0.00000,0.00000
4.61670,0.00000,0.00000
4.61914,0.00000,0.00000
4.62158,0.00000,0.00000
4.62402,0.00000,0.00000
4.62646,0.00000,0.00000
4.62891,0.00000,0.00000
4.63135,0.00000,0.00000
4.63379,0.00000,0.00000
4.63623,0.00000,0.00000
4.63867,0.00000,0.00000
4.64111,0.00000,0.00000
4.64355,0.00000,0.00000
4.64600,0.00000,0.00000
4.64844,0.00000,0.00000
4.65088,0.00000,0.00000
4.65332,0.00000,0.00000
4.65576,0.00000,0.00000
4.65820,0.00000,0.00000
4.66064,0.00000,0.00000
4.66309,0.00000,0.00000
4.66553,0.00000,0.00000
4.66797,0.00000,0.00000
4.67041,0.00000,0.00000
4.67285,0.00000,0.00000
4.67529,0.00000,0.00000
4.67773,0.00000,0.00000
4.68018,0.00000,0.00000
4.68262,0.00000,0.00000
4.68506,0.00000,0.00000
4.68750,0.00000,0.00000
4.68994,0.00000,0.00000
4.69238,0.00000,0.00000
4.69482,0.00000,0.00000
4.69727,0.00000,0.00000
4.69971,0.00000,0.00000
4.70215,0.00000,0.00000
4.70459,0.00000,0.00000
4.70703,0.00000,0.00000
4.70947,0.00000,0.00000
4.71191,0.00000,0.00000
4.71436,0.00000,0.00000
4.71680,0.00000,0.00000
4.71924,0.00000,0.00000
4.72168,0.00000,0.00000
4.72412,0.00000,0.00000
4.72656,0.00000,0.00000
4.72900,0.00000,0.00000
4.73145,0.00000,0.00000
4.73389,0.00000,0.00000
4.73633,0.00000,0.00000
4.73877,0.00000,0.00000
4.74121,0.00000,0.00000
4.74365,0.00000,0.00000
4.74609,0.00000,0.00000
4.74854,0.00000,0.00000
4.75098,0.00000,0.00000
4.75342,0.00000,0.00000
4.75586,0.00000,0.00000
4.75830,0.00000,0.00000
4.76074,0.00000,0.00000
4.76318,0.00000,0.00000
4.76562,0.00000,0.00000
4.76807,0.00000,0.00000
4.77051,0.00000,0.00000
4.77295,0.00000,0.00000
4.77539,0.00000,0.00000
4.77783,0.00000,0.00000
4.78027,0.00000,0.00000
4.78271,0.00000,0.00000
4.78516,0.00000,0.00000
4.78760,0.00000,0.00000
4.79004,0.00000,0.00000
4.79248,0.00000,0.00000
4.79492,0.00000,0.00000
4.79736,0.00000,0.00000
4.79980,0.00000,0.00000
4.80225,0.00000,0.00000
4.80469,0.00000,0.00000
4.80713,0.00000,0.00000
4.80957,0.00000,0.00000
4.81201,0.00000,0.00000
4.81445,0.00000,0.00000
4.81689,0.00000,0.00000
4.81934,0.00000,0.00000
4.82178,0.00000,0.00000
4.82422,0.00000,0.00000
4.82666,0.00000,0.00000
4.82910,0.00000,0.00000
4.83154,0.00000,0.00000
4.83398,0.00000,0.00000
4.83643,0.00000,0.00000
4.83887,0.00000,0.00000
4.84131,0.00000,0.00000
4.84375,0.00000,0.00000
4.84619,0.00000,0.00000
4.84863,0.00000,0.00000
4.85107,0.00000,0.00000
4.85352,0.00000,0.00000
4.85596,0.00000,0.00000
4.85840,0.00000,0.00000
4.86084,0.00000,0.00000
4.86328,0.00000,0.00000
4.86572,0.00000,0.00000
4.86816,0.00000,0.00000
4.87061,0.00000,0.00000
4.87305,0.00000,0.00000
4.87549,0.00000,0.00000
4.87793,0.00000,0.00000
4.88037,0.00000,0.00000
4.88281,0.00000,0.00000
4.88525,0.00000,0.00000
4.88770,0.00000,0.00000
4.89014,0.00000,0.00000
4.89258,0.00000,0.00000
4.89502,0.00000,0.00000
4.89746,0.00000,0.00000
4.89990,0.00000,0.00000
4.90234,0.00000,0.00000
4.90479,0.00000,0.00000
4.90723,0.00000,0.00000
4.90967,0.00000,0.00000
4.91211,0.00000,0.00000
4.91455,0.00000,0.00000
4.91699,0.00000,0.00000
4.91943,0.00000,0.00000
4.92188,0.00000,0.00000
4.92432,0.00000,0.00000
4.92676,0.00000,0.00000
4.92920,0.00000,0.00000
4.93164,0.00000,0.00000
4.93408,0.00000,0.00000
4.93652,0.00000,0.00000
4.93896,0.00000,0.00000
4.94141,0.00000,0.00000
4.94385,0.00000,0.00000
4.94629,0.00000,0.00000
4.94873,0.00000,0.00000
4.95117,0.00000,0.00000
4.95361,0.00000,0.00000
4.95605,0.00000,0.00000
4.95850,0.00000,0.00000
4.96094,0.00000,0.00000
4.96338,0.00000,0.00000
4.96582,0.00000,0.00000
4.96826,0.00000,0.00000
4.97070,0.00000,0.00000
4.97314,0.00000,0.00000
4.97559,0.00000,0.00000
4.97803,0.00000,0.00000
4.98047,0.00000,0.00000
4.98291,0.00000,0.00000
4.98535,0.00000,0.00000
4.98779,0.00000,0.00000
4.99023,0.00000,0.00000
4.99268,0.00000,0.00000
4.99512,0.00000,0.00000
4.99756,0.00000,0.00000
5.00000,0.00000,0.00000
